{
  "mean": -5.064000129699707,
  "std": 5.4898600578308105
}